{
  "Chronos-Bolt-Tiny (9M)": {
    "MAE (MW)": 1005.0814783105708,
    "RMSE (MW)": 1505.1029096710931,
    "MAPE": 2.279748735133533,
    "MASE": 0.39640473134801535,
    "RMSSE": 0.40177604039883913,
    "R2": 0.9427127275433744,
    "Params (M)": 9
  },
  "Chronos-Bolt-Mini (21M)": {
    "MAE (MW)": 965.816259062964,
    "RMSE (MW)": 1437.0130204895963,
    "MAPE": 2.1906914647177773,
    "MASE": 0.3809185055811936,
    "RMSSE": 0.38359995031838356,
    "R2": 0.9477787622817356,
    "Params (M)": 21
  },
  "Chronos-Bolt-Small (48M)": {
    "MAE (MW)": 891.2108467521845,
    "RMSE (MW)": 1356.4600004757435,
    "MAPE": 2.017072655934589,
    "MASE": 0.35149408670335996,
    "RMSSE": 0.36209692005023614,
    "R2": 0.9534692837110615,
    "Params (M)": 48
  },
  "Chronos-2 (120M)": {
    "MAE (MW)": 829.3047152985965,
    "RMSE (MW)": 1317.7157989963575,
    "MAPE": 1.8565389743875005,
    "MASE": 0.3270782717299279,
    "RMSSE": 0.3517544432941423,
    "R2": 0.9560894111987475,
    "Params (M)": 120
  }
}